{"cameraMode":{"drawMode":0,"name":"Shaded","section":"Shading Mode"},"sceneLighting":false,"audioPlay":false,"sceneViewState":{"m_AlwaysRefresh":false,"showFog":true,"showSkybox":true,"showFlares":true,"showImageEffects":true,"showParticleSystems":true,"showVisualEffectGraphs":true,"m_FxEnabled":true},"in2DMode":false,"pivot":{"x":37.81000900268555,"y":3.095031499862671,"z":-49.335384368896487},"rotation":{"x":-0.007313427980989218,"y":0.3726423680782318,"z":-0.0027458451222628357,"w":-0.9279932379722595},"size":1.8126332759857178,"orthographic":false}